iteration,label,operation,gas_used,duration_ms,policy_id,outcome
0,addProduct,addProduct,185892,1.663,,
1,createTestPolicy_1,createTestPolicy,261713,1.035,1,
1,expirePolicy_1,expirePolicy,55069,0.576,1,expired
2,createTestPolicy_2,createTestPolicy,227513,0.735,2,
2,finalize_2,finalize,69676,0.605,2,no_payout
3,createTestPolicy_3,createTestPolicy,227513,0.689,3,
3,expirePolicy_3,expirePolicy,55069,0.547,3,expired
4,createTestPolicy_4,createTestPolicy,227513,0.700,4,
4,finalize_4,finalize,92730,0.667,4,payout
5,createTestPolicy_5,createTestPolicy,227513,0.691,5,
5,expirePolicy_5,expirePolicy,55069,0.503,5,expired
6,createTestPolicy_6,createTestPolicy,227513,0.653,6,
6,finalize_6,finalize,69676,0.551,6,no_payout
7,createTestPolicy_7,createTestPolicy,227513,0.656,7,
7,expirePolicy_7,expirePolicy,55069,0.527,7,expired
8,createTestPolicy_8,createTestPolicy,227513,0.708,8,
8,finalize_8,finalize,92730,0.660,8,payout
9,createTestPolicy_9,createTestPolicy,227513,0.660,9,
9,expirePolicy_9,expirePolicy,55069,0.494,9,expired
10,createTestPolicy_10,createTestPolicy,227513,0.741,10,
10,finalize_10,finalize,69676,0.549,10,no_payout
11,createTestPolicy_11,createTestPolicy,227513,0.698,11,
11,expirePolicy_11,expirePolicy,55069,0.503,11,expired
12,createTestPolicy_12,createTestPolicy,227513,0.647,12,
12,finalize_12,finalize,92730,0.677,12,payout
13,createTestPolicy_13,createTestPolicy,227513,1.681,13,
13,expirePolicy_13,expirePolicy,55069,0.499,13,expired
14,createTestPolicy_14,createTestPolicy,227513,0.663,14,
14,finalize_14,finalize,69676,0.665,14,no_payout
15,createTestPolicy_15,createTestPolicy,227513,0.644,15,
15,expirePolicy_15,expirePolicy,55069,0.475,15,expired
16,createTestPolicy_16,createTestPolicy,227513,0.649,16,
16,finalize_16,finalize,92730,0.598,16,payout
17,createTestPolicy_17,createTestPolicy,227513,0.686,17,
17,expirePolicy_17,expirePolicy,55069,0.468,17,expired
18,createTestPolicy_18,createTestPolicy,227513,0.643,18,
18,finalize_18,finalize,69676,0.509,18,no_payout
19,createTestPolicy_19,createTestPolicy,227513,0.636,19,
19,expirePolicy_19,expirePolicy,55069,0.462,19,expired
20,createTestPolicy_20,createTestPolicy,227513,0.626,20,
20,finalize_20,finalize,92730,0.593,20,payout
21,createTestPolicy_21,createTestPolicy,227513,0.653,21,
21,expirePolicy_21,expirePolicy,55069,0.469,21,expired
22,createTestPolicy_22,createTestPolicy,227513,0.703,22,
22,finalize_22,finalize,69676,0.531,22,no_payout
23,createTestPolicy_23,createTestPolicy,227513,0.699,23,
23,expirePolicy_23,expirePolicy,55069,0.483,23,expired
24,createTestPolicy_24,createTestPolicy,227513,0.642,24,
24,finalize_24,finalize,92730,0.593,24,payout
25,createTestPolicy_25,createTestPolicy,227513,0.641,25,
25,expirePolicy_25,expirePolicy,55069,0.460,25,expired
26,createTestPolicy_26,createTestPolicy,227513,0.644,26,
26,finalize_26,finalize,69676,0.529,26,no_payout
27,createTestPolicy_27,createTestPolicy,227513,0.667,27,
27,expirePolicy_27,expirePolicy,55069,0.467,27,expired
28,createTestPolicy_28,createTestPolicy,227513,1.056,28,
28,finalize_28,finalize,92730,0.574,28,payout
29,createTestPolicy_29,createTestPolicy,227513,0.651,29,
29,expirePolicy_29,expirePolicy,55069,0.490,29,expired
30,createTestPolicy_30,createTestPolicy,227513,0.662,30,
30,finalize_30,finalize,69676,0.526,30,no_payout
31,createTestPolicy_31,createTestPolicy,227513,0.662,31,
31,expirePolicy_31,expirePolicy,55069,0.460,31,expired
32,createTestPolicy_32,createTestPolicy,227513,0.698,32,
32,finalize_32,finalize,92730,0.583,32,payout
33,createTestPolicy_33,createTestPolicy,227513,0.646,33,
33,expirePolicy_33,expirePolicy,55069,0.466,33,expired
34,createTestPolicy_34,createTestPolicy,227513,0.785,34,
34,finalize_34,finalize,69676,0.549,34,no_payout
35,createTestPolicy_35,createTestPolicy,227513,0.674,35,
35,expirePolicy_35,expirePolicy,55069,0.480,35,expired
36,createTestPolicy_36,createTestPolicy,227513,0.690,36,
36,finalize_36,finalize,92730,0.634,36,payout
37,createTestPolicy_37,createTestPolicy,227513,0.702,37,
37,expirePolicy_37,expirePolicy,55069,0.482,37,expired
38,createTestPolicy_38,createTestPolicy,227513,0.694,38,
38,finalize_38,finalize,69676,0.552,38,no_payout
39,createTestPolicy_39,createTestPolicy,227513,0.668,39,
39,expirePolicy_39,expirePolicy,55069,0.460,39,expired
40,createTestPolicy_40,createTestPolicy,227513,0.657,40,
40,finalize_40,finalize,92730,0.597,40,payout
41,createTestPolicy_41,createTestPolicy,227513,0.648,41,
41,expirePolicy_41,expirePolicy,55069,0.470,41,expired
42,createTestPolicy_42,createTestPolicy,227513,0.641,42,
42,finalize_42,finalize,69676,0.495,42,no_payout
43,createTestPolicy_43,createTestPolicy,227513,0.715,43,
43,expirePolicy_43,expirePolicy,55069,0.472,43,expired
44,createTestPolicy_44,createTestPolicy,227513,0.650,44,
44,finalize_44,finalize,92730,0.600,44,payout
45,createTestPolicy_45,createTestPolicy,227513,0.684,45,
45,expirePolicy_45,expirePolicy,55069,0.494,45,expired
46,createTestPolicy_46,createTestPolicy,227513,0.660,46,
46,finalize_46,finalize,69676,0.500,46,no_payout
47,createTestPolicy_47,createTestPolicy,227513,0.657,47,
47,expirePolicy_47,expirePolicy,55069,0.488,47,expired
48,createTestPolicy_48,createTestPolicy,227513,0.659,48,
48,finalize_48,finalize,92730,0.578,48,payout
49,createTestPolicy_49,createTestPolicy,227513,0.639,49,
49,expirePolicy_49,expirePolicy,55069,0.462,49,expired
50,createTestPolicy_50,createTestPolicy,227513,0.647,50,
50,finalize_50,finalize,69676,0.523,50,no_payout
51,createTestPolicy_51,createTestPolicy,227513,0.629,51,
51,expirePolicy_51,expirePolicy,55069,0.495,51,expired
52,createTestPolicy_52,createTestPolicy,227513,0.736,52,
52,finalize_52,finalize,92730,0.592,52,payout
53,createTestPolicy_53,createTestPolicy,227513,0.667,53,
53,expirePolicy_53,expirePolicy,55069,0.482,53,expired
54,createTestPolicy_54,createTestPolicy,227513,0.660,54,
54,finalize_54,finalize,69676,0.512,54,no_payout
55,createTestPolicy_55,createTestPolicy,227513,0.654,55,
55,expirePolicy_55,expirePolicy,55069,0.487,55,expired
56,createTestPolicy_56,createTestPolicy,227513,0.653,56,
56,finalize_56,finalize,92730,0.618,56,payout
57,createTestPolicy_57,createTestPolicy,227513,0.670,57,
57,expirePolicy_57,expirePolicy,55069,0.817,57,expired
58,createTestPolicy_58,createTestPolicy,227513,0.793,58,
58,finalize_58,finalize,69676,0.501,58,no_payout
59,createTestPolicy_59,createTestPolicy,227513,0.658,59,
59,expirePolicy_59,expirePolicy,55069,0.573,59,expired
60,createTestPolicy_60,createTestPolicy,227513,0.684,60,
60,finalize_60,finalize,92730,0.577,60,payout
61,createTestPolicy_61,createTestPolicy,227513,0.654,61,
61,expirePolicy_61,expirePolicy,55069,0.458,61,expired
62,createTestPolicy_62,createTestPolicy,227513,0.633,62,
62,finalize_62,finalize,69676,0.524,62,no_payout
63,createTestPolicy_63,createTestPolicy,227513,0.677,63,
63,expirePolicy_63,expirePolicy,55069,0.457,63,expired
64,createTestPolicy_64,createTestPolicy,227513,0.644,64,
64,finalize_64,finalize,92730,0.568,64,payout
65,createTestPolicy_65,createTestPolicy,227513,0.638,65,
65,expirePolicy_65,expirePolicy,55069,0.466,65,expired
66,createTestPolicy_66,createTestPolicy,227513,0.666,66,
66,finalize_66,finalize,69676,0.510,66,no_payout
67,createTestPolicy_67,createTestPolicy,227513,0.668,67,
67,expirePolicy_67,expirePolicy,55069,0.460,67,expired
68,createTestPolicy_68,createTestPolicy,227513,0.647,68,
68,finalize_68,finalize,92730,0.573,68,payout
69,createTestPolicy_69,createTestPolicy,227513,0.640,69,
69,expirePolicy_69,expirePolicy,55069,0.470,69,expired
70,createTestPolicy_70,createTestPolicy,227513,0.650,70,
70,finalize_70,finalize,69676,0.516,70,no_payout
71,createTestPolicy_71,createTestPolicy,227513,0.670,71,
71,expirePolicy_71,expirePolicy,55069,0.464,71,expired
72,createTestPolicy_72,createTestPolicy,227513,0.713,72,
72,finalize_72,finalize,92730,0.647,72,payout
73,createTestPolicy_73,createTestPolicy,227513,0.676,73,
73,expirePolicy_73,expirePolicy,55069,0.471,73,expired
74,createTestPolicy_74,createTestPolicy,227513,0.643,74,
74,finalize_74,finalize,69676,0.515,74,no_payout
75,createTestPolicy_75,createTestPolicy,227513,0.740,75,
75,expirePolicy_75,expirePolicy,55069,0.497,75,expired
76,createTestPolicy_76,createTestPolicy,227513,0.651,76,
76,finalize_76,finalize,92730,0.568,76,payout
77,createTestPolicy_77,createTestPolicy,227513,0.651,77,
77,expirePolicy_77,expirePolicy,55069,0.487,77,expired
78,createTestPolicy_78,createTestPolicy,227513,0.708,78,
78,finalize_78,finalize,69676,0.513,78,no_payout
79,createTestPolicy_79,createTestPolicy,227513,0.643,79,
79,expirePolicy_79,expirePolicy,55069,0.464,79,expired
80,createTestPolicy_80,createTestPolicy,227513,0.670,80,
80,finalize_80,finalize,92730,0.583,80,payout
81,createTestPolicy_81,createTestPolicy,227513,0.657,81,
81,expirePolicy_81,expirePolicy,55069,0.457,81,expired
82,createTestPolicy_82,createTestPolicy,227513,0.636,82,
82,finalize_82,finalize,69676,0.629,82,no_payout
83,createTestPolicy_83,createTestPolicy,227513,0.668,83,
83,expirePolicy_83,expirePolicy,55069,0.481,83,expired
84,createTestPolicy_84,createTestPolicy,227513,0.658,84,
84,finalize_84,finalize,92730,0.599,84,payout
85,createTestPolicy_85,createTestPolicy,227513,0.679,85,
85,expirePolicy_85,expirePolicy,55069,0.461,85,expired
86,createTestPolicy_86,createTestPolicy,227513,0.666,86,
86,finalize_86,finalize,69676,0.518,86,no_payout
87,createTestPolicy_87,createTestPolicy,227513,0.650,87,
87,expirePolicy_87,expirePolicy,55069,0.463,87,expired
88,createTestPolicy_88,createTestPolicy,227513,0.687,88,
88,finalize_88,finalize,92730,0.587,88,payout
89,createTestPolicy_89,createTestPolicy,227513,0.659,89,
89,expirePolicy_89,expirePolicy,55069,0.459,89,expired
90,createTestPolicy_90,createTestPolicy,227513,0.646,90,
90,finalize_90,finalize,69676,0.535,90,no_payout
91,createTestPolicy_91,createTestPolicy,227513,0.679,91,
91,expirePolicy_91,expirePolicy,55069,0.502,91,expired
92,createTestPolicy_92,createTestPolicy,227513,0.673,92,
92,finalize_92,finalize,92730,0.616,92,payout
93,createTestPolicy_93,createTestPolicy,227513,0.803,93,
93,expirePolicy_93,expirePolicy,55069,0.476,93,expired
94,createTestPolicy_94,createTestPolicy,227513,0.647,94,
94,finalize_94,finalize,69676,0.502,94,no_payout
95,createTestPolicy_95,createTestPolicy,227513,0.648,95,
95,expirePolicy_95,expirePolicy,55069,0.445,95,expired
96,createTestPolicy_96,createTestPolicy,227513,0.667,96,
96,finalize_96,finalize,92730,0.611,96,payout
97,createTestPolicy_97,createTestPolicy,227513,0.655,97,
97,expirePolicy_97,expirePolicy,55069,0.463,97,expired
98,createTestPolicy_98,createTestPolicy,227513,0.764,98,
98,finalize_98,finalize,69676,0.537,98,no_payout
99,createTestPolicy_99,createTestPolicy,227513,0.692,99,
99,expirePolicy_99,expirePolicy,55069,0.522,99,expired
100,createTestPolicy_100,createTestPolicy,227513,0.647,100,
100,finalize_100,finalize,92730,0.601,100,payout
101,createTestPolicy_101,createTestPolicy,227513,0.691,101,
101,expirePolicy_101,expirePolicy,55069,0.527,101,expired
102,createTestPolicy_102,createTestPolicy,227513,0.740,102,
102,finalize_102,finalize,69676,0.541,102,no_payout
103,createTestPolicy_103,createTestPolicy,227513,0.705,103,
103,expirePolicy_103,expirePolicy,55069,1.396,103,expired
104,createTestPolicy_104,createTestPolicy,227513,0.669,104,
104,finalize_104,finalize,92730,0.592,104,payout
105,createTestPolicy_105,createTestPolicy,227513,0.645,105,
105,expirePolicy_105,expirePolicy,55069,0.455,105,expired
106,createTestPolicy_106,createTestPolicy,227513,0.686,106,
106,finalize_106,finalize,69676,0.523,106,no_payout
107,createTestPolicy_107,createTestPolicy,227513,0.791,107,
107,expirePolicy_107,expirePolicy,55069,0.461,107,expired
108,createTestPolicy_108,createTestPolicy,227513,0.663,108,
108,finalize_108,finalize,92730,0.573,108,payout
109,createTestPolicy_109,createTestPolicy,227513,0.647,109,
109,expirePolicy_109,expirePolicy,55069,0.459,109,expired
110,createTestPolicy_110,createTestPolicy,227513,0.636,110,
110,finalize_110,finalize,69676,0.502,110,no_payout
111,createTestPolicy_111,createTestPolicy,227513,0.666,111,
111,expirePolicy_111,expirePolicy,55069,0.466,111,expired
112,createTestPolicy_112,createTestPolicy,227513,0.663,112,
112,finalize_112,finalize,92730,0.578,112,payout
113,createTestPolicy_113,createTestPolicy,227513,0.654,113,
113,expirePolicy_113,expirePolicy,55069,0.475,113,expired
114,createTestPolicy_114,createTestPolicy,227513,0.670,114,
114,finalize_114,finalize,69676,0.526,114,no_payout
115,createTestPolicy_115,createTestPolicy,227513,0.697,115,
115,expirePolicy_115,expirePolicy,55069,0.473,115,expired
116,createTestPolicy_116,createTestPolicy,227513,0.660,116,
116,finalize_116,finalize,92730,0.601,116,payout
117,createTestPolicy_117,createTestPolicy,227513,0.708,117,
117,expirePolicy_117,expirePolicy,55069,0.472,117,expired
118,createTestPolicy_118,createTestPolicy,227513,0.711,118,
118,finalize_118,finalize,69676,0.547,118,no_payout
119,createTestPolicy_119,createTestPolicy,227513,0.690,119,
119,expirePolicy_119,expirePolicy,55069,0.457,119,expired
120,createTestPolicy_120,createTestPolicy,227513,0.691,120,
120,finalize_120,finalize,92730,0.605,120,payout
121,createTestPolicy_121,createTestPolicy,227513,0.790,121,
121,expirePolicy_121,expirePolicy,55069,0.473,121,expired
122,createTestPolicy_122,createTestPolicy,227513,0.659,122,
122,finalize_122,finalize,69676,0.563,122,no_payout
123,createTestPolicy_123,createTestPolicy,227513,0.675,123,
123,expirePolicy_123,expirePolicy,55069,0.469,123,expired
124,createTestPolicy_124,createTestPolicy,227513,0.657,124,
124,finalize_124,finalize,92730,0.582,124,payout
125,createTestPolicy_125,createTestPolicy,227513,0.653,125,
125,expirePolicy_125,expirePolicy,55069,0.457,125,expired
126,createTestPolicy_126,createTestPolicy,227513,0.728,126,
126,finalize_126,finalize,69676,0.527,126,no_payout
127,createTestPolicy_127,createTestPolicy,227513,0.718,127,
127,expirePolicy_127,expirePolicy,55069,0.463,127,expired
128,createTestPolicy_128,createTestPolicy,227513,0.701,128,
128,finalize_128,finalize,92730,0.634,128,payout
129,createTestPolicy_129,createTestPolicy,227513,0.706,129,
129,expirePolicy_129,expirePolicy,55069,0.488,129,expired
130,createTestPolicy_130,createTestPolicy,227513,0.675,130,
130,finalize_130,finalize,69676,0.501,130,no_payout
131,createTestPolicy_131,createTestPolicy,227513,0.655,131,
131,expirePolicy_131,expirePolicy,55069,0.454,131,expired
132,createTestPolicy_132,createTestPolicy,227513,0.627,132,
132,finalize_132,finalize,92730,0.590,132,payout
133,createTestPolicy_133,createTestPolicy,227513,0.655,133,
133,expirePolicy_133,expirePolicy,55069,0.486,133,expired
134,createTestPolicy_134,createTestPolicy,227513,0.657,134,
134,finalize_134,finalize,69676,0.515,134,no_payout
135,createTestPolicy_135,createTestPolicy,227513,0.664,135,
135,expirePolicy_135,expirePolicy,55069,0.464,135,expired
136,createTestPolicy_136,createTestPolicy,227513,0.666,136,
136,finalize_136,finalize,92730,0.683,136,payout
137,createTestPolicy_137,createTestPolicy,227513,0.691,137,
137,expirePolicy_137,expirePolicy,55069,0.460,137,expired
138,createTestPolicy_138,createTestPolicy,227513,1.387,138,
138,finalize_138,finalize,69676,0.514,138,no_payout
139,createTestPolicy_139,createTestPolicy,227513,0.652,139,
139,expirePolicy_139,expirePolicy,55069,0.458,139,expired
140,createTestPolicy_140,createTestPolicy,227513,0.636,140,
140,finalize_140,finalize,92730,0.583,140,payout
141,createTestPolicy_141,createTestPolicy,227513,0.671,141,
141,expirePolicy_141,expirePolicy,55069,0.454,141,expired
142,createTestPolicy_142,createTestPolicy,227513,0.644,142,
142,finalize_142,finalize,69676,0.511,142,no_payout
143,createTestPolicy_143,createTestPolicy,227513,0.664,143,
143,expirePolicy_143,expirePolicy,55069,0.461,143,expired
144,createTestPolicy_144,createTestPolicy,227513,0.653,144,
144,finalize_144,finalize,92730,0.630,144,payout
145,createTestPolicy_145,createTestPolicy,227513,0.669,145,
145,expirePolicy_145,expirePolicy,55069,0.467,145,expired
146,createTestPolicy_146,createTestPolicy,227513,0.651,146,
146,finalize_146,finalize,69676,0.521,146,no_payout
147,createTestPolicy_147,createTestPolicy,227513,0.652,147,
147,expirePolicy_147,expirePolicy,55069,0.452,147,expired
148,createTestPolicy_148,createTestPolicy,227513,0.649,148,
148,finalize_148,finalize,92730,0.573,148,payout
149,createTestPolicy_149,createTestPolicy,227513,0.636,149,
149,expirePolicy_149,expirePolicy,55069,0.467,149,expired
150,createTestPolicy_150,createTestPolicy,227513,0.648,150,
150,finalize_150,finalize,69676,0.510,150,no_payout
151,createTestPolicy_151,createTestPolicy,227513,0.663,151,
151,expirePolicy_151,expirePolicy,55069,0.456,151,expired
152,createTestPolicy_152,createTestPolicy,227513,0.652,152,
152,finalize_152,finalize,92730,0.603,152,payout
153,createTestPolicy_153,createTestPolicy,227513,0.648,153,
153,expirePolicy_153,expirePolicy,55069,0.448,153,expired
154,createTestPolicy_154,createTestPolicy,227513,0.708,154,
154,finalize_154,finalize,69676,0.524,154,no_payout
155,createTestPolicy_155,createTestPolicy,227513,1.358,155,
155,expirePolicy_155,expirePolicy,55069,0.449,155,expired
156,createTestPolicy_156,createTestPolicy,227513,0.665,156,
156,finalize_156,finalize,92730,0.580,156,payout
157,createTestPolicy_157,createTestPolicy,227513,0.646,157,
157,expirePolicy_157,expirePolicy,55069,0.447,157,expired
158,createTestPolicy_158,createTestPolicy,227513,0.640,158,
158,finalize_158,finalize,69676,0.526,158,no_payout
159,createTestPolicy_159,createTestPolicy,227513,0.637,159,
159,expirePolicy_159,expirePolicy,55069,0.443,159,expired
160,createTestPolicy_160,createTestPolicy,227513,0.650,160,
160,finalize_160,finalize,92730,0.588,160,payout
161,createTestPolicy_161,createTestPolicy,227513,0.630,161,
161,expirePolicy_161,expirePolicy,55069,0.460,161,expired
162,createTestPolicy_162,createTestPolicy,227513,0.656,162,
162,finalize_162,finalize,69676,0.486,162,no_payout
163,createTestPolicy_163,createTestPolicy,227513,0.646,163,
163,expirePolicy_163,expirePolicy,55069,0.451,163,expired
164,createTestPolicy_164,createTestPolicy,227513,0.644,164,
164,finalize_164,finalize,92730,0.604,164,payout
165,createTestPolicy_165,createTestPolicy,227513,0.640,165,
165,expirePolicy_165,expirePolicy,55069,0.455,165,expired
166,createTestPolicy_166,createTestPolicy,227513,0.653,166,
166,finalize_166,finalize,69676,0.519,166,no_payout
167,createTestPolicy_167,createTestPolicy,227513,0.667,167,
167,expirePolicy_167,expirePolicy,55069,0.458,167,expired
168,createTestPolicy_168,createTestPolicy,227513,0.694,168,
168,finalize_168,finalize,92730,0.683,168,payout
169,createTestPolicy_169,createTestPolicy,227513,0.722,169,
169,expirePolicy_169,expirePolicy,55069,0.485,169,expired
170,createTestPolicy_170,createTestPolicy,227513,0.692,170,
170,finalize_170,finalize,69676,0.546,170,no_payout
171,createTestPolicy_171,createTestPolicy,227513,0.765,171,
171,expirePolicy_171,expirePolicy,55069,0.481,171,expired
172,createTestPolicy_172,createTestPolicy,227513,0.698,172,
172,finalize_172,finalize,92730,0.583,172,payout
173,createTestPolicy_173,createTestPolicy,227513,0.667,173,
173,expirePolicy_173,expirePolicy,55069,0.428,173,expired
174,createTestPolicy_174,createTestPolicy,227513,0.681,174,
174,finalize_174,finalize,69676,0.545,174,no_payout
175,createTestPolicy_175,createTestPolicy,227513,0.648,175,
175,expirePolicy_175,expirePolicy,55069,0.455,175,expired
176,createTestPolicy_176,createTestPolicy,227513,0.786,176,
176,finalize_176,finalize,92730,0.596,176,payout
177,createTestPolicy_177,createTestPolicy,227513,0.681,177,
177,expirePolicy_177,expirePolicy,55069,0.495,177,expired
178,createTestPolicy_178,createTestPolicy,227513,0.670,178,
178,finalize_178,finalize,69676,0.519,178,no_payout
179,createTestPolicy_179,createTestPolicy,227513,0.678,179,
179,expirePolicy_179,expirePolicy,55069,0.466,179,expired
180,createTestPolicy_180,createTestPolicy,227513,0.681,180,
180,finalize_180,finalize,92730,0.606,180,payout
181,createTestPolicy_181,createTestPolicy,227513,0.661,181,
181,expirePolicy_181,expirePolicy,55069,0.438,181,expired
182,createTestPolicy_182,createTestPolicy,227513,0.661,182,
182,finalize_182,finalize,69676,0.524,182,no_payout
183,createTestPolicy_183,createTestPolicy,227513,0.656,183,
183,expirePolicy_183,expirePolicy,55069,0.454,183,expired
184,createTestPolicy_184,createTestPolicy,227513,0.684,184,
184,finalize_184,finalize,92730,0.586,184,payout
185,createTestPolicy_185,createTestPolicy,227513,0.655,185,
185,expirePolicy_185,expirePolicy,55069,0.458,185,expired
186,createTestPolicy_186,createTestPolicy,227513,0.678,186,
186,finalize_186,finalize,69676,0.515,186,no_payout
187,createTestPolicy_187,createTestPolicy,227513,0.657,187,
187,expirePolicy_187,expirePolicy,55069,0.474,187,expired
188,createTestPolicy_188,createTestPolicy,227513,0.684,188,
188,finalize_188,finalize,92730,0.618,188,payout
189,createTestPolicy_189,createTestPolicy,227513,0.692,189,
189,expirePolicy_189,expirePolicy,55069,0.479,189,expired
190,createTestPolicy_190,createTestPolicy,227513,0.693,190,
190,finalize_190,finalize,69676,0.499,190,no_payout
191,createTestPolicy_191,createTestPolicy,227513,0.666,191,
191,expirePolicy_191,expirePolicy,55069,0.480,191,expired
192,createTestPolicy_192,createTestPolicy,227513,0.679,192,
192,finalize_192,finalize,92730,0.602,192,payout
193,createTestPolicy_193,createTestPolicy,227513,0.657,193,
193,expirePolicy_193,expirePolicy,55069,0.453,193,expired
194,createTestPolicy_194,createTestPolicy,227513,0.647,194,
194,finalize_194,finalize,69676,0.504,194,no_payout
195,createTestPolicy_195,createTestPolicy,227513,0.640,195,
195,expirePolicy_195,expirePolicy,55069,0.464,195,expired
196,createTestPolicy_196,createTestPolicy,227513,0.653,196,
196,finalize_196,finalize,92730,0.584,196,payout
197,createTestPolicy_197,createTestPolicy,227513,0.662,197,
197,expirePolicy_197,expirePolicy,55069,0.463,197,expired
198,createTestPolicy_198,createTestPolicy,227513,0.664,198,
198,finalize_198,finalize,69676,0.505,198,no_payout
199,createTestPolicy_199,createTestPolicy,227513,0.634,199,
199,expirePolicy_199,expirePolicy,55069,0.480,199,expired
200,createTestPolicy_200,createTestPolicy,227513,0.724,200,
200,finalize_200,finalize,92730,0.596,200,payout
201,createTestPolicy_201,createTestPolicy,227513,0.645,201,
201,expirePolicy_201,expirePolicy,55069,0.468,201,expired
202,createTestPolicy_202,createTestPolicy,227513,0.716,202,
202,finalize_202,finalize,69676,0.515,202,no_payout
203,createTestPolicy_203,createTestPolicy,227513,0.675,203,
203,expirePolicy_203,expirePolicy,55069,0.443,203,expired
204,createTestPolicy_204,createTestPolicy,227513,0.674,204,
204,finalize_204,finalize,92730,0.601,204,payout
205,createTestPolicy_205,createTestPolicy,227513,0.733,205,
205,expirePolicy_205,expirePolicy,55069,0.462,205,expired
206,createTestPolicy_206,createTestPolicy,227513,0.686,206,
206,finalize_206,finalize,69676,0.590,206,no_payout
207,createTestPolicy_207,createTestPolicy,227513,0.689,207,
207,expirePolicy_207,expirePolicy,55069,0.468,207,expired
208,createTestPolicy_208,createTestPolicy,227513,0.665,208,
208,finalize_208,finalize,92730,0.584,208,payout
209,createTestPolicy_209,createTestPolicy,227513,0.652,209,
209,expirePolicy_209,expirePolicy,55069,0.457,209,expired
210,createTestPolicy_210,createTestPolicy,227513,0.656,210,
210,finalize_210,finalize,69676,0.516,210,no_payout
211,createTestPolicy_211,createTestPolicy,227513,0.662,211,
211,expirePolicy_211,expirePolicy,55069,0.445,211,expired
212,createTestPolicy_212,createTestPolicy,227513,0.654,212,
212,finalize_212,finalize,92730,0.584,212,payout
213,createTestPolicy_213,createTestPolicy,227513,0.664,213,
213,expirePolicy_213,expirePolicy,55069,0.474,213,expired
214,createTestPolicy_214,createTestPolicy,227513,0.681,214,
214,finalize_214,finalize,69676,0.541,214,no_payout
215,createTestPolicy_215,createTestPolicy,227513,0.703,215,
215,expirePolicy_215,expirePolicy,55069,0.480,215,expired
216,createTestPolicy_216,createTestPolicy,227513,0.665,216,
216,finalize_216,finalize,92730,0.566,216,payout
217,createTestPolicy_217,createTestPolicy,227513,0.659,217,
217,expirePolicy_217,expirePolicy,55069,0.459,217,expired
218,createTestPolicy_218,createTestPolicy,227513,0.653,218,
218,finalize_218,finalize,69676,0.523,218,no_payout
219,createTestPolicy_219,createTestPolicy,227513,0.661,219,
219,expirePolicy_219,expirePolicy,55069,0.482,219,expired
220,createTestPolicy_220,createTestPolicy,227513,0.686,220,
220,finalize_220,finalize,92730,0.603,220,payout
221,createTestPolicy_221,createTestPolicy,227513,0.683,221,
221,expirePolicy_221,expirePolicy,55069,0.508,221,expired
222,createTestPolicy_222,createTestPolicy,227513,0.751,222,
222,finalize_222,finalize,69676,0.676,222,no_payout
223,createTestPolicy_223,createTestPolicy,227513,0.793,223,
223,expirePolicy_223,expirePolicy,55069,0.483,223,expired
224,createTestPolicy_224,createTestPolicy,227513,0.736,224,
224,finalize_224,finalize,92730,0.580,224,payout
225,createTestPolicy_225,createTestPolicy,227513,0.670,225,
225,expirePolicy_225,expirePolicy,55069,0.480,225,expired
226,createTestPolicy_226,createTestPolicy,227513,0.665,226,
226,finalize_226,finalize,69676,0.515,226,no_payout
227,createTestPolicy_227,createTestPolicy,227513,0.690,227,
227,expirePolicy_227,expirePolicy,55069,0.504,227,expired
228,createTestPolicy_228,createTestPolicy,227513,0.657,228,
228,finalize_228,finalize,92730,0.603,228,payout
229,createTestPolicy_229,createTestPolicy,227513,0.721,229,
229,expirePolicy_229,expirePolicy,55069,0.486,229,expired
230,createTestPolicy_230,createTestPolicy,227513,0.749,230,
230,finalize_230,finalize,69676,0.542,230,no_payout
231,createTestPolicy_231,createTestPolicy,227513,0.692,231,
231,expirePolicy_231,expirePolicy,55069,0.467,231,expired
232,createTestPolicy_232,createTestPolicy,227513,0.694,232,
232,finalize_232,finalize,92730,0.617,232,payout
233,createTestPolicy_233,createTestPolicy,227513,0.687,233,
233,expirePolicy_233,expirePolicy,55069,0.456,233,expired
234,createTestPolicy_234,createTestPolicy,227513,0.671,234,
234,finalize_234,finalize,69676,0.537,234,no_payout
235,createTestPolicy_235,createTestPolicy,227513,0.671,235,
235,expirePolicy_235,expirePolicy,55069,0.461,235,expired
236,createTestPolicy_236,createTestPolicy,227513,0.678,236,
236,finalize_236,finalize,92730,0.586,236,payout
237,createTestPolicy_237,createTestPolicy,227513,0.670,237,
237,expirePolicy_237,expirePolicy,55069,0.569,237,expired
238,createTestPolicy_238,createTestPolicy,227513,0.693,238,
238,finalize_238,finalize,69676,0.525,238,no_payout
239,createTestPolicy_239,createTestPolicy,227513,0.690,239,
239,expirePolicy_239,expirePolicy,55069,0.462,239,expired
240,createTestPolicy_240,createTestPolicy,227513,0.713,240,
240,finalize_240,finalize,92730,0.694,240,payout
241,createTestPolicy_241,createTestPolicy,227513,0.675,241,
241,expirePolicy_241,expirePolicy,55069,0.468,241,expired
242,createTestPolicy_242,createTestPolicy,227513,0.699,242,
242,finalize_242,finalize,69676,0.528,242,no_payout
243,createTestPolicy_243,createTestPolicy,227513,0.671,243,
243,expirePolicy_243,expirePolicy,55069,0.456,243,expired
244,createTestPolicy_244,createTestPolicy,227513,0.656,244,
244,finalize_244,finalize,92730,0.608,244,payout
245,createTestPolicy_245,createTestPolicy,227513,0.671,245,
245,expirePolicy_245,expirePolicy,55069,0.477,245,expired
246,createTestPolicy_246,createTestPolicy,227513,0.669,246,
246,finalize_246,finalize,69676,0.509,246,no_payout
247,createTestPolicy_247,createTestPolicy,227513,0.679,247,
247,expirePolicy_247,expirePolicy,55069,0.472,247,expired
248,createTestPolicy_248,createTestPolicy,227513,0.664,248,
248,finalize_248,finalize,92730,0.594,248,payout
249,createTestPolicy_249,createTestPolicy,227513,0.671,249,
249,expirePolicy_249,expirePolicy,55069,0.452,249,expired
250,createTestPolicy_250,createTestPolicy,227513,0.670,250,
250,finalize_250,finalize,69676,0.524,250,no_payout
251,createTestPolicy_251,createTestPolicy,227513,0.650,251,
251,expirePolicy_251,expirePolicy,55069,0.468,251,expired
252,createTestPolicy_252,createTestPolicy,227513,0.684,252,
252,finalize_252,finalize,92730,0.603,252,payout
253,createTestPolicy_253,createTestPolicy,227513,0.713,253,
253,expirePolicy_253,expirePolicy,55069,0.505,253,expired
254,createTestPolicy_254,createTestPolicy,227513,0.710,254,
254,finalize_254,finalize,69676,0.527,254,no_payout
255,createTestPolicy_255,createTestPolicy,227513,0.685,255,
255,expirePolicy_255,expirePolicy,55069,0.467,255,expired
256,createTestPolicy_256,createTestPolicy,227513,0.706,256,
256,finalize_256,finalize,92730,0.610,256,payout
257,createTestPolicy_257,createTestPolicy,227513,0.692,257,
257,expirePolicy_257,expirePolicy,55081,0.498,257,expired
258,createTestPolicy_258,createTestPolicy,227513,0.660,258,
258,finalize_258,finalize,69688,0.524,258,no_payout
259,createTestPolicy_259,createTestPolicy,227513,0.669,259,
259,expirePolicy_259,expirePolicy,55081,0.471,259,expired
260,createTestPolicy_260,createTestPolicy,227513,0.652,260,
260,finalize_260,finalize,92742,0.590,260,payout
261,createTestPolicy_261,createTestPolicy,227513,0.779,261,
261,expirePolicy_261,expirePolicy,55081,0.483,261,expired
262,createTestPolicy_262,createTestPolicy,227513,0.666,262,
262,finalize_262,finalize,69688,0.560,262,no_payout
263,createTestPolicy_263,createTestPolicy,227513,0.676,263,
263,expirePolicy_263,expirePolicy,55081,0.453,263,expired
264,createTestPolicy_264,createTestPolicy,227513,0.671,264,
264,finalize_264,finalize,92742,0.598,264,payout
265,createTestPolicy_265,createTestPolicy,227513,0.674,265,
265,expirePolicy_265,expirePolicy,55081,0.466,265,expired
266,createTestPolicy_266,createTestPolicy,227513,0.671,266,
266,finalize_266,finalize,69688,0.518,266,no_payout
267,createTestPolicy_267,createTestPolicy,227513,0.658,267,
267,expirePolicy_267,expirePolicy,55081,0.492,267,expired
268,createTestPolicy_268,createTestPolicy,227513,0.676,268,
268,finalize_268,finalize,92742,0.622,268,payout
269,createTestPolicy_269,createTestPolicy,227513,0.697,269,
269,expirePolicy_269,expirePolicy,55081,0.468,269,expired
270,createTestPolicy_270,createTestPolicy,227513,0.678,270,
270,finalize_270,finalize,69688,0.513,270,no_payout
271,createTestPolicy_271,createTestPolicy,227513,0.680,271,
271,expirePolicy_271,expirePolicy,55081,0.439,271,expired
272,createTestPolicy_272,createTestPolicy,227513,0.672,272,
272,finalize_272,finalize,92742,0.590,272,payout
273,createTestPolicy_273,createTestPolicy,227513,0.720,273,
273,expirePolicy_273,expirePolicy,55081,0.459,273,expired
274,createTestPolicy_274,createTestPolicy,227513,0.714,274,
274,finalize_274,finalize,69688,0.537,274,no_payout
275,createTestPolicy_275,createTestPolicy,227513,0.742,275,
275,expirePolicy_275,expirePolicy,55081,0.461,275,expired
276,createTestPolicy_276,createTestPolicy,227513,0.675,276,
276,finalize_276,finalize,92742,0.733,276,payout
277,createTestPolicy_277,createTestPolicy,227513,0.712,277,
277,expirePolicy_277,expirePolicy,55081,0.474,277,expired
278,createTestPolicy_278,createTestPolicy,227513,0.685,278,
278,finalize_278,finalize,69688,0.516,278,no_payout
279,createTestPolicy_279,createTestPolicy,227513,0.665,279,
279,expirePolicy_279,expirePolicy,55081,0.465,279,expired
280,createTestPolicy_280,createTestPolicy,227513,0.663,280,
280,finalize_280,finalize,92742,0.595,280,payout
281,createTestPolicy_281,createTestPolicy,227513,0.646,281,
281,expirePolicy_281,expirePolicy,55081,0.450,281,expired
282,createTestPolicy_282,createTestPolicy,227513,0.673,282,
282,finalize_282,finalize,69688,0.520,282,no_payout
283,createTestPolicy_283,createTestPolicy,227513,0.666,283,
283,expirePolicy_283,expirePolicy,55081,0.456,283,expired
284,createTestPolicy_284,createTestPolicy,227513,0.659,284,
284,finalize_284,finalize,92742,0.665,284,payout
285,createTestPolicy_285,createTestPolicy,227513,0.684,285,
285,expirePolicy_285,expirePolicy,55081,0.453,285,expired
286,createTestPolicy_286,createTestPolicy,227513,0.675,286,
286,finalize_286,finalize,69688,0.520,286,no_payout
287,createTestPolicy_287,createTestPolicy,227513,0.662,287,
287,expirePolicy_287,expirePolicy,55081,0.447,287,expired
288,createTestPolicy_288,createTestPolicy,227513,0.693,288,
288,finalize_288,finalize,92742,0.592,288,payout
289,createTestPolicy_289,createTestPolicy,227513,0.653,289,
289,expirePolicy_289,expirePolicy,55081,0.453,289,expired
290,createTestPolicy_290,createTestPolicy,227513,0.712,290,
290,finalize_290,finalize,69688,0.532,290,no_payout
291,createTestPolicy_291,createTestPolicy,227513,0.690,291,
291,expirePolicy_291,expirePolicy,55081,0.464,291,expired
292,createTestPolicy_292,createTestPolicy,227513,0.996,292,
292,finalize_292,finalize,92742,0.717,292,payout
293,createTestPolicy_293,createTestPolicy,227513,0.716,293,
293,expirePolicy_293,expirePolicy,55081,0.468,293,expired
294,createTestPolicy_294,createTestPolicy,227513,0.674,294,
294,finalize_294,finalize,69688,0.517,294,no_payout
295,createTestPolicy_295,createTestPolicy,227513,0.679,295,
295,expirePolicy_295,expirePolicy,55081,0.458,295,expired
296,createTestPolicy_296,createTestPolicy,227513,0.663,296,
296,finalize_296,finalize,92742,0.579,296,payout
297,createTestPolicy_297,createTestPolicy,227513,0.661,297,
297,expirePolicy_297,expirePolicy,55081,0.437,297,expired
298,createTestPolicy_298,createTestPolicy,227513,0.668,298,
298,finalize_298,finalize,69688,0.525,298,no_payout
299,createTestPolicy_299,createTestPolicy,227513,0.681,299,
299,expirePolicy_299,expirePolicy,55081,0.449,299,expired
300,createTestPolicy_300,createTestPolicy,227513,0.683,300,
300,finalize_300,finalize,92742,0.641,300,payout
301,createTestPolicy_301,createTestPolicy,227513,0.679,301,
301,expirePolicy_301,expirePolicy,55081,0.471,301,expired
302,createTestPolicy_302,createTestPolicy,227513,0.660,302,
302,finalize_302,finalize,69688,0.513,302,no_payout
303,createTestPolicy_303,createTestPolicy,227513,0.674,303,
303,expirePolicy_303,expirePolicy,55081,0.465,303,expired
304,createTestPolicy_304,createTestPolicy,227513,0.678,304,
304,finalize_304,finalize,92742,0.590,304,payout
305,createTestPolicy_305,createTestPolicy,227513,0.652,305,
305,expirePolicy_305,expirePolicy,55081,0.457,305,expired
306,createTestPolicy_306,createTestPolicy,227513,0.667,306,
306,finalize_306,finalize,69688,0.545,306,no_payout
307,createTestPolicy_307,createTestPolicy,227513,0.702,307,
307,expirePolicy_307,expirePolicy,55081,0.460,307,expired
308,createTestPolicy_308,createTestPolicy,227513,0.783,308,
308,finalize_308,finalize,92742,0.647,308,payout
309,createTestPolicy_309,createTestPolicy,227513,1.375,309,
309,expirePolicy_309,expirePolicy,55081,0.464,309,expired
310,createTestPolicy_310,createTestPolicy,227513,0.691,310,
310,finalize_310,finalize,69688,0.521,310,no_payout
311,createTestPolicy_311,createTestPolicy,227513,0.666,311,
311,expirePolicy_311,expirePolicy,55081,0.467,311,expired
312,createTestPolicy_312,createTestPolicy,227513,0.674,312,
312,finalize_312,finalize,92742,0.590,312,payout
313,createTestPolicy_313,createTestPolicy,227513,0.664,313,
313,expirePolicy_313,expirePolicy,55081,0.451,313,expired
314,createTestPolicy_314,createTestPolicy,227513,0.695,314,
314,finalize_314,finalize,69688,0.508,314,no_payout
315,createTestPolicy_315,createTestPolicy,227513,0.691,315,
315,expirePolicy_315,expirePolicy,55081,0.494,315,expired
316,createTestPolicy_316,createTestPolicy,227513,0.769,316,
316,finalize_316,finalize,92742,0.616,316,payout
317,createTestPolicy_317,createTestPolicy,227513,0.678,317,
317,expirePolicy_317,expirePolicy,55081,0.452,317,expired
318,createTestPolicy_318,createTestPolicy,227513,0.693,318,
318,finalize_318,finalize,69688,0.501,318,no_payout
319,createTestPolicy_319,createTestPolicy,227513,0.674,319,
319,expirePolicy_319,expirePolicy,55081,0.449,319,expired
320,createTestPolicy_320,createTestPolicy,227513,0.638,320,
320,finalize_320,finalize,92742,0.599,320,payout
321,createTestPolicy_321,createTestPolicy,227513,0.675,321,
321,expirePolicy_321,expirePolicy,55081,0.441,321,expired
322,createTestPolicy_322,createTestPolicy,227513,0.656,322,
322,finalize_322,finalize,69688,0.519,322,no_payout
323,createTestPolicy_323,createTestPolicy,227513,0.672,323,
323,expirePolicy_323,expirePolicy,55081,0.566,323,expired
324,createTestPolicy_324,createTestPolicy,227513,0.698,324,
324,finalize_324,finalize,92742,0.606,324,payout
325,createTestPolicy_325,createTestPolicy,227513,0.695,325,
325,expirePolicy_325,expirePolicy,55081,0.466,325,expired
326,createTestPolicy_326,createTestPolicy,227513,0.703,326,
326,finalize_326,finalize,69688,0.535,326,no_payout
327,createTestPolicy_327,createTestPolicy,227513,0.664,327,
327,expirePolicy_327,expirePolicy,55081,0.471,327,expired
328,createTestPolicy_328,createTestPolicy,227513,0.653,328,
328,finalize_328,finalize,92742,0.573,328,payout
329,createTestPolicy_329,createTestPolicy,227513,0.648,329,
329,expirePolicy_329,expirePolicy,55081,0.462,329,expired
330,createTestPolicy_330,createTestPolicy,227513,0.675,330,
330,finalize_330,finalize,69688,0.513,330,no_payout
331,createTestPolicy_331,createTestPolicy,227513,0.646,331,
331,expirePolicy_331,expirePolicy,55081,0.475,331,expired
332,createTestPolicy_332,createTestPolicy,227513,0.682,332,
332,finalize_332,finalize,92742,0.576,332,payout
333,createTestPolicy_333,createTestPolicy,227513,0.651,333,
333,expirePolicy_333,expirePolicy,55081,0.447,333,expired
334,createTestPolicy_334,createTestPolicy,227513,0.670,334,
334,finalize_334,finalize,69688,0.520,334,no_payout
335,createTestPolicy_335,createTestPolicy,227513,0.655,335,
335,expirePolicy_335,expirePolicy,55081,0.456,335,expired
336,createTestPolicy_336,createTestPolicy,227513,0.678,336,
336,finalize_336,finalize,92742,0.601,336,payout
337,createTestPolicy_337,createTestPolicy,227513,0.629,337,
337,expirePolicy_337,expirePolicy,55081,0.453,337,expired
338,createTestPolicy_338,createTestPolicy,227513,0.684,338,
338,finalize_338,finalize,69688,0.531,338,no_payout
339,createTestPolicy_339,createTestPolicy,227513,0.726,339,
339,expirePolicy_339,expirePolicy,55081,0.466,339,expired
340,createTestPolicy_340,createTestPolicy,227513,0.696,340,
340,finalize_340,finalize,92742,0.611,340,payout
341,createTestPolicy_341,createTestPolicy,227513,0.694,341,
341,expirePolicy_341,expirePolicy,55081,0.457,341,expired
342,createTestPolicy_342,createTestPolicy,227513,0.714,342,
342,finalize_342,finalize,69688,0.547,342,no_payout
343,createTestPolicy_343,createTestPolicy,227513,0.761,343,
343,expirePolicy_343,expirePolicy,55081,0.505,343,expired
344,createTestPolicy_344,createTestPolicy,227513,0.647,344,
344,finalize_344,finalize,92742,0.591,344,payout
345,createTestPolicy_345,createTestPolicy,227513,0.663,345,
345,expirePolicy_345,expirePolicy,55081,0.498,345,expired
346,createTestPolicy_346,createTestPolicy,227513,0.674,346,
346,finalize_346,finalize,69688,0.535,346,no_payout
347,createTestPolicy_347,createTestPolicy,227513,0.755,347,
347,expirePolicy_347,expirePolicy,55081,0.484,347,expired
348,createTestPolicy_348,createTestPolicy,227513,0.686,348,
348,finalize_348,finalize,92742,0.598,348,payout
349,createTestPolicy_349,createTestPolicy,227513,0.673,349,
349,expirePolicy_349,expirePolicy,55081,0.470,349,expired
350,createTestPolicy_350,createTestPolicy,227513,0.676,350,
350,finalize_350,finalize,69688,0.516,350,no_payout
351,createTestPolicy_351,createTestPolicy,227513,0.676,351,
351,expirePolicy_351,expirePolicy,55081,0.469,351,expired
352,createTestPolicy_352,createTestPolicy,227513,0.679,352,
352,finalize_352,finalize,92742,0.588,352,payout
353,createTestPolicy_353,createTestPolicy,227513,0.667,353,
353,expirePolicy_353,expirePolicy,55081,0.435,353,expired
354,createTestPolicy_354,createTestPolicy,227513,0.679,354,
354,finalize_354,finalize,69688,0.515,354,no_payout
355,createTestPolicy_355,createTestPolicy,227513,0.710,355,
355,expirePolicy_355,expirePolicy,55081,0.453,355,expired
356,createTestPolicy_356,createTestPolicy,227513,0.673,356,
356,finalize_356,finalize,92742,0.597,356,payout
357,createTestPolicy_357,createTestPolicy,227513,0.657,357,
357,expirePolicy_357,expirePolicy,55081,0.463,357,expired
358,createTestPolicy_358,createTestPolicy,227513,0.675,358,
358,finalize_358,finalize,69688,0.518,358,no_payout
359,createTestPolicy_359,createTestPolicy,227513,0.679,359,
359,expirePolicy_359,expirePolicy,55081,0.455,359,expired
360,createTestPolicy_360,createTestPolicy,227513,0.699,360,
360,finalize_360,finalize,92742,0.681,360,payout
361,createTestPolicy_361,createTestPolicy,227513,0.676,361,
361,expirePolicy_361,expirePolicy,55081,0.459,361,expired
362,createTestPolicy_362,createTestPolicy,227513,0.680,362,
362,finalize_362,finalize,69688,0.518,362,no_payout
363,createTestPolicy_363,createTestPolicy,227513,0.757,363,
363,expirePolicy_363,expirePolicy,55081,0.461,363,expired
364,createTestPolicy_364,createTestPolicy,227513,0.667,364,
364,finalize_364,finalize,92742,0.598,364,payout
365,createTestPolicy_365,createTestPolicy,227513,0.681,365,
365,expirePolicy_365,expirePolicy,55081,0.446,365,expired
366,createTestPolicy_366,createTestPolicy,227513,0.664,366,
366,finalize_366,finalize,69688,0.521,366,no_payout
367,createTestPolicy_367,createTestPolicy,227513,0.654,367,
367,expirePolicy_367,expirePolicy,55081,0.460,367,expired
368,createTestPolicy_368,createTestPolicy,227513,0.669,368,
368,finalize_368,finalize,92742,0.590,368,payout
369,createTestPolicy_369,createTestPolicy,227513,0.660,369,
369,expirePolicy_369,expirePolicy,55081,0.448,369,expired
370,createTestPolicy_370,createTestPolicy,227513,0.669,370,
370,finalize_370,finalize,69688,0.521,370,no_payout
371,createTestPolicy_371,createTestPolicy,227513,0.769,371,
371,expirePolicy_371,expirePolicy,55081,0.492,371,expired
372,createTestPolicy_372,createTestPolicy,227513,0.682,372,
372,finalize_372,finalize,92742,0.594,372,payout
373,createTestPolicy_373,createTestPolicy,227513,0.656,373,
373,expirePolicy_373,expirePolicy,55081,0.458,373,expired
374,createTestPolicy_374,createTestPolicy,227513,0.684,374,
374,finalize_374,finalize,69688,0.517,374,no_payout
375,createTestPolicy_375,createTestPolicy,227513,0.670,375,
375,expirePolicy_375,expirePolicy,55081,0.445,375,expired
376,createTestPolicy_376,createTestPolicy,227513,0.663,376,
376,finalize_376,finalize,92742,0.643,376,payout
377,createTestPolicy_377,createTestPolicy,227513,0.706,377,
377,expirePolicy_377,expirePolicy,55081,0.502,377,expired
378,createTestPolicy_378,createTestPolicy,227513,0.707,378,
378,finalize_378,finalize,69688,0.554,378,no_payout
379,createTestPolicy_379,createTestPolicy,227513,0.694,379,
379,expirePolicy_379,expirePolicy,55081,0.464,379,expired
380,createTestPolicy_380,createTestPolicy,227513,0.661,380,
380,finalize_380,finalize,92742,0.589,380,payout
381,createTestPolicy_381,createTestPolicy,227513,0.676,381,
381,expirePolicy_381,expirePolicy,55081,0.448,381,expired
382,createTestPolicy_382,createTestPolicy,227513,0.683,382,
382,finalize_382,finalize,69688,0.503,382,no_payout
383,createTestPolicy_383,createTestPolicy,227513,0.670,383,
383,expirePolicy_383,expirePolicy,55081,0.447,383,expired
384,createTestPolicy_384,createTestPolicy,227513,0.658,384,
384,finalize_384,finalize,92742,0.567,384,payout
385,createTestPolicy_385,createTestPolicy,227513,0.636,385,
385,expirePolicy_385,expirePolicy,55081,0.458,385,expired
386,createTestPolicy_386,createTestPolicy,227513,0.650,386,
386,finalize_386,finalize,69688,0.550,386,no_payout
387,createTestPolicy_387,createTestPolicy,227513,0.700,387,
387,expirePolicy_387,expirePolicy,55081,0.466,387,expired
388,createTestPolicy_388,createTestPolicy,227513,0.650,388,
388,finalize_388,finalize,92742,0.577,388,payout
389,createTestPolicy_389,createTestPolicy,227513,0.656,389,
389,expirePolicy_389,expirePolicy,55081,0.457,389,expired
390,createTestPolicy_390,createTestPolicy,227513,0.661,390,
390,finalize_390,finalize,69688,0.514,390,no_payout
391,createTestPolicy_391,createTestPolicy,227513,0.690,391,
391,expirePolicy_391,expirePolicy,55081,0.461,391,expired
392,createTestPolicy_392,createTestPolicy,227513,0.651,392,
392,finalize_392,finalize,92742,0.609,392,payout
393,createTestPolicy_393,createTestPolicy,227513,0.692,393,
393,expirePolicy_393,expirePolicy,55081,0.446,393,expired
394,createTestPolicy_394,createTestPolicy,227513,0.722,394,
394,finalize_394,finalize,69688,0.545,394,no_payout
395,createTestPolicy_395,createTestPolicy,227513,0.811,395,
395,expirePolicy_395,expirePolicy,55081,0.476,395,expired
396,createTestPolicy_396,createTestPolicy,227513,0.665,396,
396,finalize_396,finalize,92742,0.578,396,payout
397,createTestPolicy_397,createTestPolicy,227513,0.656,397,
397,expirePolicy_397,expirePolicy,55081,0.444,397,expired
398,createTestPolicy_398,createTestPolicy,227513,0.657,398,
398,finalize_398,finalize,69688,0.520,398,no_payout
399,createTestPolicy_399,createTestPolicy,227513,0.648,399,
399,expirePolicy_399,expirePolicy,55081,0.468,399,expired
400,createTestPolicy_400,createTestPolicy,227513,0.661,400,
400,finalize_400,finalize,92742,0.586,400,payout
401,createTestPolicy_401,createTestPolicy,227513,0.667,401,
401,expirePolicy_401,expirePolicy,55081,0.448,401,expired
402,createTestPolicy_402,createTestPolicy,227513,0.687,402,
402,finalize_402,finalize,69688,0.593,402,no_payout
403,createTestPolicy_403,createTestPolicy,227513,0.681,403,
403,expirePolicy_403,expirePolicy,55081,0.455,403,expired
404,createTestPolicy_404,createTestPolicy,227513,0.667,404,
404,finalize_404,finalize,92742,0.588,404,payout
405,createTestPolicy_405,createTestPolicy,227513,0.645,405,
405,expirePolicy_405,expirePolicy,55081,0.451,405,expired
406,createTestPolicy_406,createTestPolicy,227513,0.650,406,
406,finalize_406,finalize,69688,0.511,406,no_payout
407,createTestPolicy_407,createTestPolicy,227513,0.654,407,
407,expirePolicy_407,expirePolicy,55081,0.456,407,expired
408,createTestPolicy_408,createTestPolicy,227513,0.663,408,
408,finalize_408,finalize,92742,0.644,408,payout
409,createTestPolicy_409,createTestPolicy,227513,0.691,409,
409,expirePolicy_409,expirePolicy,55081,0.458,409,expired
410,createTestPolicy_410,createTestPolicy,227513,0.717,410,
410,finalize_410,finalize,69688,0.579,410,no_payout
411,createTestPolicy_411,createTestPolicy,227513,0.733,411,
411,expirePolicy_411,expirePolicy,55081,0.470,411,expired
412,createTestPolicy_412,createTestPolicy,227513,0.702,412,
412,finalize_412,finalize,92742,0.578,412,payout
413,createTestPolicy_413,createTestPolicy,227513,0.689,413,
413,expirePolicy_413,expirePolicy,55081,0.496,413,expired
414,createTestPolicy_414,createTestPolicy,227513,0.693,414,
414,finalize_414,finalize,69688,0.495,414,no_payout
415,createTestPolicy_415,createTestPolicy,227513,0.659,415,
415,expirePolicy_415,expirePolicy,55081,0.419,415,expired
416,createTestPolicy_416,createTestPolicy,227513,0.649,416,
416,finalize_416,finalize,92742,0.594,416,payout
417,createTestPolicy_417,createTestPolicy,227513,0.698,417,
417,expirePolicy_417,expirePolicy,55081,0.470,417,expired
418,createTestPolicy_418,createTestPolicy,227513,0.673,418,
418,finalize_418,finalize,69688,0.533,418,no_payout
419,createTestPolicy_419,createTestPolicy,227513,0.714,419,
419,expirePolicy_419,expirePolicy,55081,0.522,419,expired
420,createTestPolicy_420,createTestPolicy,227513,0.706,420,
420,finalize_420,finalize,92742,0.608,420,payout
421,createTestPolicy_421,createTestPolicy,227513,0.687,421,
421,expirePolicy_421,expirePolicy,55081,0.446,421,expired
422,createTestPolicy_422,createTestPolicy,227513,0.705,422,
422,finalize_422,finalize,69688,0.513,422,no_payout
423,createTestPolicy_423,createTestPolicy,227513,0.680,423,
423,expirePolicy_423,expirePolicy,55081,0.452,423,expired
424,createTestPolicy_424,createTestPolicy,227513,0.684,424,
424,finalize_424,finalize,92742,0.611,424,payout
425,createTestPolicy_425,createTestPolicy,227513,0.686,425,
425,expirePolicy_425,expirePolicy,55081,0.454,425,expired
426,createTestPolicy_426,createTestPolicy,227513,0.708,426,
426,finalize_426,finalize,69688,0.505,426,no_payout
427,createTestPolicy_427,createTestPolicy,227513,0.669,427,
427,expirePolicy_427,expirePolicy,55081,0.448,427,expired
428,createTestPolicy_428,createTestPolicy,227513,0.703,428,
428,finalize_428,finalize,92742,0.632,428,payout
429,createTestPolicy_429,createTestPolicy,227513,0.716,429,
429,expirePolicy_429,expirePolicy,55081,0.463,429,expired
430,createTestPolicy_430,createTestPolicy,227513,0.678,430,
430,finalize_430,finalize,69688,0.507,430,no_payout
431,createTestPolicy_431,createTestPolicy,227513,0.682,431,
431,expirePolicy_431,expirePolicy,55081,0.447,431,expired
432,createTestPolicy_432,createTestPolicy,227513,0.681,432,
432,finalize_432,finalize,92742,0.596,432,payout
433,createTestPolicy_433,createTestPolicy,227513,0.655,433,
433,expirePolicy_433,expirePolicy,55081,0.465,433,expired
434,createTestPolicy_434,createTestPolicy,227513,0.758,434,
434,finalize_434,finalize,69688,0.529,434,no_payout
435,createTestPolicy_435,createTestPolicy,227513,0.678,435,
435,expirePolicy_435,expirePolicy,55081,0.466,435,expired
436,createTestPolicy_436,createTestPolicy,227513,0.682,436,
436,finalize_436,finalize,92742,0.585,436,payout
437,createTestPolicy_437,createTestPolicy,227513,0.659,437,
437,expirePolicy_437,expirePolicy,55081,0.438,437,expired
438,createTestPolicy_438,createTestPolicy,227513,0.673,438,
438,finalize_438,finalize,69688,0.521,438,no_payout
439,createTestPolicy_439,createTestPolicy,227513,0.671,439,
439,expirePolicy_439,expirePolicy,55081,0.459,439,expired
440,createTestPolicy_440,createTestPolicy,227513,0.688,440,
440,finalize_440,finalize,92742,0.597,440,payout
441,createTestPolicy_441,createTestPolicy,227513,0.632,441,
441,expirePolicy_441,expirePolicy,55081,0.472,441,expired
442,createTestPolicy_442,createTestPolicy,227513,0.736,442,
442,finalize_442,finalize,69688,0.536,442,no_payout
443,createTestPolicy_443,createTestPolicy,227513,0.668,443,
443,expirePolicy_443,expirePolicy,55081,0.463,443,expired
444,createTestPolicy_444,createTestPolicy,227513,0.665,444,
444,finalize_444,finalize,92742,0.608,444,payout
445,createTestPolicy_445,createTestPolicy,227513,0.770,445,
445,expirePolicy_445,expirePolicy,55081,0.468,445,expired
446,createTestPolicy_446,createTestPolicy,227513,0.702,446,
446,finalize_446,finalize,69688,0.540,446,no_payout
447,createTestPolicy_447,createTestPolicy,227513,0.743,447,
447,expirePolicy_447,expirePolicy,55081,0.459,447,expired
448,createTestPolicy_448,createTestPolicy,227513,0.689,448,
448,finalize_448,finalize,92742,0.597,448,payout
449,createTestPolicy_449,createTestPolicy,227513,0.669,449,
449,expirePolicy_449,expirePolicy,55081,0.474,449,expired
450,createTestPolicy_450,createTestPolicy,227513,0.716,450,
450,finalize_450,finalize,69688,0.530,450,no_payout
451,createTestPolicy_451,createTestPolicy,227513,0.730,451,
451,expirePolicy_451,expirePolicy,55081,0.474,451,expired
452,createTestPolicy_452,createTestPolicy,227513,0.695,452,
452,finalize_452,finalize,92742,0.607,452,payout
453,createTestPolicy_453,createTestPolicy,227513,0.671,453,
453,expirePolicy_453,expirePolicy,55081,0.466,453,expired
454,createTestPolicy_454,createTestPolicy,227513,0.688,454,
454,finalize_454,finalize,69688,0.509,454,no_payout
455,createTestPolicy_455,createTestPolicy,227513,0.704,455,
455,expirePolicy_455,expirePolicy,55081,0.460,455,expired
456,createTestPolicy_456,createTestPolicy,227513,0.653,456,
456,finalize_456,finalize,92742,0.608,456,payout
457,createTestPolicy_457,createTestPolicy,227513,0.764,457,
457,expirePolicy_457,expirePolicy,55081,0.482,457,expired
458,createTestPolicy_458,createTestPolicy,227513,0.737,458,
458,finalize_458,finalize,69688,0.548,458,no_payout
459,createTestPolicy_459,createTestPolicy,227513,0.703,459,
459,expirePolicy_459,expirePolicy,55081,0.467,459,expired
460,createTestPolicy_460,createTestPolicy,227513,0.677,460,
460,finalize_460,finalize,92742,0.584,460,payout
461,createTestPolicy_461,createTestPolicy,227513,0.669,461,
461,expirePolicy_461,expirePolicy,55081,0.461,461,expired
462,createTestPolicy_462,createTestPolicy,227513,0.707,462,
462,finalize_462,finalize,69688,0.553,462,no_payout
463,createTestPolicy_463,createTestPolicy,227513,0.754,463,
463,expirePolicy_463,expirePolicy,55081,0.535,463,expired
464,createTestPolicy_464,createTestPolicy,227513,0.689,464,
464,finalize_464,finalize,92742,0.615,464,payout
465,createTestPolicy_465,createTestPolicy,227513,0.693,465,
465,expirePolicy_465,expirePolicy,55081,0.468,465,expired
466,createTestPolicy_466,createTestPolicy,227513,0.665,466,
466,finalize_466,finalize,69688,0.517,466,no_payout
467,createTestPolicy_467,createTestPolicy,227513,0.683,467,
467,expirePolicy_467,expirePolicy,55081,0.460,467,expired
468,createTestPolicy_468,createTestPolicy,227513,0.685,468,
468,finalize_468,finalize,92742,0.590,468,payout
469,createTestPolicy_469,createTestPolicy,227513,0.662,469,
469,expirePolicy_469,expirePolicy,55081,0.462,469,expired
470,createTestPolicy_470,createTestPolicy,227513,0.691,470,
470,finalize_470,finalize,69688,0.536,470,no_payout
471,createTestPolicy_471,createTestPolicy,227513,0.674,471,
471,expirePolicy_471,expirePolicy,55081,0.472,471,expired
472,createTestPolicy_472,createTestPolicy,227513,0.694,472,
472,finalize_472,finalize,92742,0.641,472,payout
473,createTestPolicy_473,createTestPolicy,227513,0.740,473,
473,expirePolicy_473,expirePolicy,55081,0.481,473,expired
474,createTestPolicy_474,createTestPolicy,227513,0.691,474,
474,finalize_474,finalize,69688,0.547,474,no_payout
475,createTestPolicy_475,createTestPolicy,227513,0.693,475,
475,expirePolicy_475,expirePolicy,55081,0.484,475,expired
476,createTestPolicy_476,createTestPolicy,227513,0.704,476,
476,finalize_476,finalize,92742,0.604,476,payout
477,createTestPolicy_477,createTestPolicy,227513,0.693,477,
477,expirePolicy_477,expirePolicy,55081,0.462,477,expired
478,createTestPolicy_478,createTestPolicy,227513,0.675,478,
478,finalize_478,finalize,69688,0.559,478,no_payout
479,createTestPolicy_479,createTestPolicy,227513,0.741,479,
479,expirePolicy_479,expirePolicy,55081,0.476,479,expired
480,createTestPolicy_480,createTestPolicy,227513,0.859,480,
480,finalize_480,finalize,92742,0.660,480,payout
481,createTestPolicy_481,createTestPolicy,227513,0.755,481,
481,expirePolicy_481,expirePolicy,55081,0.484,481,expired
482,createTestPolicy_482,createTestPolicy,227513,0.658,482,
482,finalize_482,finalize,69688,0.519,482,no_payout
483,createTestPolicy_483,createTestPolicy,227513,0.638,483,
483,expirePolicy_483,expirePolicy,55081,0.464,483,expired
484,createTestPolicy_484,createTestPolicy,227513,0.680,484,
484,finalize_484,finalize,92742,0.601,484,payout
485,createTestPolicy_485,createTestPolicy,227513,0.665,485,
485,expirePolicy_485,expirePolicy,55081,0.468,485,expired
486,createTestPolicy_486,createTestPolicy,227513,0.682,486,
486,finalize_486,finalize,69688,0.525,486,no_payout
487,createTestPolicy_487,createTestPolicy,227513,0.674,487,
487,expirePolicy_487,expirePolicy,55081,0.483,487,expired
488,createTestPolicy_488,createTestPolicy,227513,0.723,488,
488,finalize_488,finalize,92742,0.586,488,payout
489,createTestPolicy_489,createTestPolicy,227513,0.687,489,
489,expirePolicy_489,expirePolicy,55081,0.457,489,expired
490,createTestPolicy_490,createTestPolicy,227513,0.672,490,
490,finalize_490,finalize,69688,0.512,490,no_payout
491,createTestPolicy_491,createTestPolicy,227513,0.728,491,
491,expirePolicy_491,expirePolicy,55081,0.467,491,expired
492,createTestPolicy_492,createTestPolicy,227513,0.658,492,
492,finalize_492,finalize,92742,0.610,492,payout
493,createTestPolicy_493,createTestPolicy,227513,0.674,493,
493,expirePolicy_493,expirePolicy,55081,0.451,493,expired
494,createTestPolicy_494,createTestPolicy,227513,0.673,494,
494,finalize_494,finalize,69688,0.510,494,no_payout
495,createTestPolicy_495,createTestPolicy,227513,0.688,495,
495,expirePolicy_495,expirePolicy,55081,0.486,495,expired
496,createTestPolicy_496,createTestPolicy,227513,0.732,496,
496,finalize_496,finalize,92742,0.663,496,payout
497,createTestPolicy_497,createTestPolicy,227513,0.706,497,
497,expirePolicy_497,expirePolicy,55081,0.471,497,expired
498,createTestPolicy_498,createTestPolicy,227513,0.712,498,
498,finalize_498,finalize,69688,0.543,498,no_payout
499,createTestPolicy_499,createTestPolicy,227513,0.689,499,
499,expirePolicy_499,expirePolicy,55081,0.461,499,expired
500,createTestPolicy_500,createTestPolicy,227513,0.661,500,
500,finalize_500,finalize,92742,0.604,500,payout